{
  "actions" : [ {
    "actionType" : "SCALE_OUT",
    "name" : "scale_out_transcoder",
    "vnfdId" : "886eae77-0016-4729-92c2-403f76e0b757",
    "step" : "1"
  }, {
    "actionType" : "SCALE_IN",
    "name" : "scale_in_transcoder",
    "vnfdId" : "886eae77-0016-4729-92c2-403f76e0b757",
    "step" : "1"
  } ],
  "actionRules" : [ {
    "actionsName" : [ "scale_in_transcoder" ],
    "name" : "DecreaseTranscoders",
    "duration" : "1m",
    "severity" : "major",
    "conditions" : [ {
      "parameterName" : "collector_add_more_transcoders",
      "value" : 1.0,
      "comparator" : "==",
      "vnfdId" : "4ceb89b1-05f7-4b9c-816c-9df171c71dc6"
    } ],
    "operator" : "and"
  }, {
    "actionsName" : [ "scale_out_transcoder" ],
    "name" : "IncreaseTranscoders",
    "duration" : "1m",
    "severity" : "major",
    "conditions" : [ {
      "parameterName" : "collector_delete_last_transcoder",
      "value" : 1.0,
      "comparator" : "==",
      "vnfdId" : "4ceb89b1-05f7-4b9c-816c-9df171c71dc6"
    } ],
    "operator" : "and"
  } ]
}